src/utils/bookkeeping/checkoutSessions.ts	no-unwrap-outside-boundaries	9
src/utils/bookkeeping/confirmCheckoutSession.ts	no-unwrap-outside-boundaries	2
src/utils/bookkeeping/createCheckoutSession.ts	no-unwrap-outside-boundaries	3
src/utils/bookkeeping/customerBilling.db.test.ts	no-explicit-any-in-tests	3
src/utils/bookkeeping/customerBilling.ts	no-unwrap-outside-boundaries	5
src/utils/bookkeeping/invoices.ts	no-unwrap-outside-boundaries	1
src/utils/bookkeeping/processNonPaymentCheckoutSession.ts	no-unwrap-outside-boundaries	2
src/utils/bookkeeping/processPaymentIntentStatusUpdated.stripe.test.ts	no-explicit-any-in-tests	35
src/utils/bookkeeping/processPaymentIntentStatusUpdated.ts	no-unwrap-outside-boundaries	6
src/utils/bookkeeping/processSetupIntent.db.test.ts	no-explicit-any-in-tests	3
src/utils/bookkeeping/processSetupIntent.ts	no-unwrap-outside-boundaries	13
src/utils/bookkeeping/processSetupIntent.upgrade-comprehensive.db.test.ts	no-explicit-any-in-tests	2
src/utils/bookkeeping/processSetupIntent.upgrade.db.test.ts	no-explicit-any-in-tests	2